year,中国,尼日利亚,低收入国家,中低等收入国家,中等收入国家,中高等收入国家,高收入国家
2010,69.47957041,52.60906391,41.34219858,67.27958551,58.6772891,49.41776161,16.66933845
2016,52.21132204,71.369601,42.92042352,63.89591152,51.97482792,38.57786739,14.5179518